{
  "model": "xgboost",
  "train_path": "data/train/KDDTrain+.csv",
  "val_size": 0.2,
  "random_state": 42,
  "validation": {
    "accuracy": 0.9988886683865846,
    "f1": 0.9988056645623614,
    "fpr_normal": 0.0007424456158586384,
    "attack_recall": 0.9984649496844619,
    "tn": 13459,
    "fp": 10,
    "fn": 18,
    "tp": 11708
  }
}