{
  "model": "xgboost",
  "train_path": "data/train/KDDTrain+.csv",
  "val_size": 0.2,
  "random_state": 42,
  "classes": [
    "DoS",
    "Probe",
    "R2L",
    "U2R"
  ],
  "validation": {
    "macro_f1": 0.9479409530661176,
    "accuracy": 0.999232474842231,
    "classification_report": {
      "DoS": {
        "precision": 1.0,
        "recall": 0.9993410214168039,
        "f1-score": 0.9996704021094265,
        "support": 9105.0
      },
      "Probe": {
        "precision": 0.9979105725031342,
        "recall": 0.9995814148179154,
        "f1-score": 0.998745294855709,
        "support": 2389.0
      },
      "R2L": {
        "precision": 0.9955555555555555,
        "recall": 0.9911504424778761,
        "f1-score": 0.9933481152993349,
        "support": 226.0
      },
      "U2R": {
        "precision": 0.6666666666666666,
        "recall": 1.0,
        "f1-score": 0.8,
        "support": 6.0
      },
      "accuracy": 0.999232474842231,
      "macro avg": {
        "precision": 0.915033198681339,
        "recall": 0.9975182196781489,
        "f1-score": 0.9479409530661176,
        "support": 11726.0
      },
      "weighted avg": {
        "precision": 0.9993180891408444,
        "recall": 0.999232474842231,
        "f1-score": 0.9992579050549434,
        "support": 11726.0
      }
    }
  }
}